<?xml version="1.0" encoding="utf-8" ?>
<problem>
<statement>
    <description>

<P>Маленькая Ева только учится играть в шахматы. Сегодня она узнала, как слон ходит по шахматной доске.
Теперь она хочет понять, куда слон может добраться не более чем за 100 ходов. Помогите Еве понять,
может ли слон добраться от одной клетки до другой клетки шахматной доски.</P>

<P>Шахматный слон за один ход перемещается по диагонали на любое количество клеток.
Шахматная доска имеет размеры 8&nbsp;&times;&nbsp;8.</P>

<h3>Входные данные</h3>

<P>Программа получает на вход 4 числа, записанных в отдельных строках. Первые два числа&nbsp;&mdash; номер строки и номер столбца исходной клетки,
следующие два числа&nbsp;&mdash; номер строки и номер столбца конечной клетки (каждое число принимает значения от 1 до 8).
Гарантируется, что исходная и конечная клетки не совпадают.</P>

<h3>Выходные данные</h3>

<P>В первой строке выведите <b>Yes</b> или <b>No</b>&nbsp;&mdash; ответ на вопрос задачи.
Если в первой строке вы вывели <b>Yes</b>, то во второй строке выведите число <i>n</i>&nbsp;&mdash; количество ходов слона
(число не превосходящее 100). В следующих <i>n</i> строках выведите последовательно клетки (номер строки и номер столбца клетки через пробел),
в которые нужно перемещать слона.
Последняя выведенная клетка должна совпадать с заданной конечной клеткой.</P>

<P>Вам не нужно минимизировать число ходов слона, но оно не должно превосходить 100.</P>

<h3>Система оценки</h3>

<P>В этой задаче 20 тестов, помимо тестов из условия. Каждый тест оценивается в 5 баллов независимо от остальных.</P>

<h3>Примеры</h3>

<table style="text-align: left;" border="1" cellpadding="7" cellspacing="1">
<tbody valign="top">

<tr>
<th><p style="margin: 5px;">Ввод</p></th>
<th><p style="margin: 5px;">Вывод</p></th>
</tr>

<tr>
<td><p style="margin: 5px;">1<br/>1<br/>1<br/>7</p></td>
<td><p style="margin: 5px;">Yes<br/>2<br/>4 4<br/>1 7</p></td>
</tr>

<tr>
<td><p style="margin: 5px;">3<br/>2<br/>3<br/>8</p></td>
<td><p style="margin: 5px;">Yes<br/>3<br/>5 4<br/>2 7<br/>3 8</p></td>
</tr>

<tr>
<td><p style="margin: 5px;">1<br/>1<br/>1<br/>2</p></td>
<td><p style="margin: 5px;">No</p></td>
</tr>

</tbody>
</table>

    </description>
  </statement>
</problem>

