<?xml version="1.0" encoding="utf-8" ?>
<problem>
<statement>
    <description>

<P>Сереже на первое сентября подарили магнитный конструктор, состоящий из брусков разной длины,
которые могут соединяться концами друг с другом. В подарочном наборе все бруски уложены в порядке неубывания длины,
причем бруски могут иметь одинаковую длину&nbsp;&mdash; это очень важно для Серёжи, потому что он будет собирать из брусков
равносторонние треугольники для своего большого проекта. Для этого проекта Серёже нужно очень много деталей
такой формы, и он хочет понять, сколько всего возможно собрать равносторонних треугольников
из конструктора для последующего их одновременного использования в проекте.
Размеры треугольников могут быть различными, но все они должны быть равносторонними.
Определите, какое максимальное количество равносторонних треугольников можно собрать из конструктора
(брусок, использованный в одном треугольнике, уже не может быть использован в другом).</P>


<h3>Входные данные</h3>
<P>В первой строке входных данных дано целое число <i>n</i>&nbsp;&mdash; количество брусков
(1&nbsp;&le;&nbsp;<i>n</i>&nbsp;&le;&nbsp;10<sup>5</sup>). В следующих <i>n</i> строках даны длины брусков конструктора&nbsp;&mdash;
целые числа от 1 до 10<sup>9</sup> по одному в строке. Числа даны в неубывающем порядке.</P>

<h3>Выходные данные</h3>
<P>Требуется вывести одно целое число&nbsp;&mdash; максимально возможное число равносторонних треугольников.</P>

<h3>Система оценки</h3>

<P>Решения, правильно работающие при <i>n</i>&nbsp;&le;&nbsp;100, будут оцениваться в 50 баллов.</P>

<h3>Примеры</h3>

<table style="text-align: left;" border="1" cellpadding="7" cellspacing="1">
<tbody valign="top">

<tr>
<th><p style="margin: 5px;">Ввод</p></th>
<th><p style="margin: 5px;">Вывод</p></th>
<th><p style="margin: 5px;">Пояснение</p></th>
</tr>

<tr>
<td><p style="margin: 5px;">6<br/>1<br/>1<br/>1<br/>1<br/>2<br/>2</p></td>
<td><p style="margin: 5px;">1</p></td>
<td><p style="margin: 5px;">
Можно составить один треугольник из трёх брусков длины 1. Остались бруски длиной 1, 2, 2, из которых нельзя составить равносторонний треугольник.
</p></td>
</tr>

<tr>
<td><p style="margin: 5px;">6<br/>1<br/>1<br/>3<br/>3<br/>5<br/>5</p></td>
<td><p style="margin: 5px;">0</p></td>
<td><p style="margin: 5px;">
Нет трёх брусков равной длины, поэтому ни одного равностороннего треугольника составить нельзя.</p></td>
</tr>


</tbody>
</table>

    </description>
  </statement>
</problem>

