<?xml version="1.0" encoding="utf-8" ?>

<problem>
<statement>
    <description>


<P>У Васи есть чашечные весы и набор гирек. Правда, в наборе предусмотрены гирьки только двух различных весов: 1 и 2 грамма.
Набор не пустой, но гирьки одного из весов могут быть потеряны и полностью отсутствовать.
Вася пытается разложить все имеющиеся гирьки на обе чаши весов так, чтобы весы оказались в равновесии (то есть разложить все гирьки на две кучки одинакового веса).
Оказалось, что у него имеется <i>n</i><sub>1</sub> гирек весом 1 грамм и <i>n</i><sub>2</sub> гирек весом 2 грамма. Получится ли у него это?</P>

<h3>Входные данные</h3>
<P>В первой строке входных данных записано целое число <i>n</i><sub>1</sub>, во второй&nbsp;&mdash; <i>n</i><sub>2</sub>
(<i>n</i><sub>1</sub>&nbsp;&ge;&nbsp;0, <i>n</i><sub>2</sub>&nbsp;&ge;&nbsp;0,
0&nbsp;&lt;&nbsp;<i>n</i><sub>1</sub>&nbsp;+&nbsp;<i>n</i><sub>2</sub>&nbsp;&le;&nbsp;2&times;10<sup>9</sup>).</P>

<h3>Выходные данные</h3>

<P>Если разложить гирьки на две равные кучки возможно, пограмма должна вывести слово <b>Yes</b>, в противном случае&nbsp;&mdash; <b>No</b>.</P>

<P>Если гирьки разложить возможно, то во второй строке требуется вывести два целых числа в указанном порядке:
количество гирек весом 1 грамм и количество гирек весом 2 грамма в одной из кучек в разложении.
Если вариантов разложения несколько, требуется вывести любой из них.</P>

<h3>Система оценки</h3>

<P>Решение, правильно работающее, когда входные числа не превосходят 10, будет оцениваться в 30 баллов.</P>

<h3>Примеры</h3>

<table style="text-align: left;" border="1" cellpadding="7" cellspacing="1">
<tbody valign="top">

<tr>
<th><p style="margin: 5px;">Ввод</p></th>
<th><p style="margin: 5px;">Вывод</p></th>
<th><p style="margin: 5px;">Пояснение</p></th>
</tr>

<tr>
<td><p style="margin: 5px;">2<br/>1</p></td>
<td><p style="margin: 5px;">Yes<br/>0 1</p></td>
<td><p style="margin: 5px;">Также правильным ответом будет<br/>Yes<br/>2 0</p></td>
</tr>

<tr>
<td><p style="margin: 5px;">1<br/>2</p></td>
<td><p style="margin: 5px;">No</p></td>
<td><p style="margin: 5px;">&nbsp;</p></td>
</tr>

</tbody>
</table>

    </description>
  </statement>
</problem>

