<?xml version="1.0" encoding="utf-8" ?>
<problem>
<statement>
    <description>

<P>На занятиях математического кружка Сережа узнал об интересных числах&nbsp;&mdash; это числа, которые имеют простые делители только 2, 3 и 5.
Теперь он хочет узнать наибольшее интересное число, не превосходящее числа <i>n</i>.</P>

<h3>Входные данные</h3>

<P>Программа получает на вход целое число <i>n</i> (2&nbsp;&le;&nbsp;<i>n</i>&nbsp;&le;&nbsp;10<sup>17</sup>).</P>

<P><b>Обратите внимание, что значение <i>n</i> может быть больше, чем возможное значение 32-битной целочисленной переменной,
поэтому необходимо использовать 64-битные числа (тип int64 в языке Pascal, тип long&nbsp;long в C и C++,
тип long в Java и C#).</b></P>

<h3>Выходные данные</h3>

<P>Программа должна вывести одно целое число&nbsp;&mdash; максимальное интересное число, не превосходящее <i>n</i>.</P>

<h3>Система оценки</h3>

<P>Решения, правильно работающие при <i>n</i>&nbsp;&le;&nbsp;10<sup>4</sup>, будут оцениваться в 30 баллов.</P>

<P>Решения, правильно работающие при <i>n</i>&nbsp;&le;&nbsp;10<sup>8</sup>, будут оцениваться в 50 баллов.</P>

<h3>Примеры</h3>

<table style="text-align: left;" border="1" cellpadding="7" cellspacing="1">
<tbody valign="top">

<tr>
<th><p style="margin: 5px;">Ввод</p></th>
<th><p style="margin: 5px;">Вывод</p></th>
<th><p style="margin: 5px;">Пояснение</p></th>
</tr>

<tr>
<td><p style="margin: 5px;">7</p></td>
<td><p style="margin: 5px;">6</p></td>
<td><p style="margin: 5px;">
Первые интересные числа&nbsp;&mdash; это 2, 3, 4, 5, 6, 8, 9, 10, 12, 15, 16, 18, 20, 24, 25, 27, 30,....<br/>Поэтому
максимальное интересное число, не превосходящее&nbsp;7&nbsp;&mdash; это&nbsp;6.
</p></td>
</tr>

<tr>
<td><p style="margin: 5px;">100</p></td>
<td><p style="margin: 5px;">100</p></td>
<td><p style="margin: 5px;">
Число 100 разлагается на множители, как 100&nbsp;=&nbsp;2<sup>2</sup>&nbsp;&times;&nbsp;5<sup>2</sup>, поэтому число 100 само является интересным.
</p></td>
</tr>

</tbody>
</table>

    </description>
  </statement>
</problem>

