<?xml version="1.0" encoding="utf-8" ?>
<problem>
<statement>
    <description>

<P>Иван Петрович взял отпуск продолжительностью <i>n</i> дней. Первый день отпуска выпадает на день недели под номером <i>d</i>
(1&nbsp;&mdash; понедельник, 2&nbsp;&mdash; вторник, ..., 7&nbsp;&mdash; воскресенье).
Иван Петрович любит ездить отдыхать на Кипр. Но вылеты на Кипр из его родного города есть только по понедельникам,
а обратно&nbsp;&mdash; только по воскресеньям. Иван Петрович хочет понять, какое максимальное количество недель он сможет провести на Кипре в свой отпуск
(день прилёта и день обратного вылета Иван Петрович считает днями, проведёнными на Кипре). Помогите ему вычислить это.</P>

<h3>Входные данные</h3>

<P>В первой строке входных данных записано целое число <i>n</i> (1&nbsp;&le;&nbsp;<i>n</i>&nbsp;&le;&nbsp;10<sup>9</sup>)&nbsp;&mdash; продолжительность отпуска.
Во второй строке записано целое число &nbsp;&mdash; <i>d</i> (1&nbsp;&le;&nbsp;<i>d</i>&nbsp;&le;&nbsp;7)&nbsp;&mdash; номер дня недели первого дня отпуска.</P>

<h3>Выходные данные</h3>

<P>Требуется вывести одно целое число&nbsp;&mdash; количество недель, которое Иван Петрович проведёт на Кипре.</P>

<h3>Система оценки</h3>

<P>Решения, работающие верно при <i>n</i>&nbsp;&le;&nbsp;1000, будут оцениваться в 60 баллов.</P>

<h3>Примеры</h3>

<table style="text-align: left;" border="1" cellpadding="7" cellspacing="1">
<tbody valign="top">

<tr>
<th><p style="margin: 5px;">Ввод</p></th>
<th><p style="margin: 5px;">Вывод</p></th>
<th><p style="margin: 5px;">Пояснение</p></th>
</tr>

<tr>
<td><p style="margin: 5px;">14<br/>1</p></td>
<td><p style="margin: 5px;">2</p></td>
<td><p style="margin: 5px;">Отпуск продолжается 14 дней и начинается в понедельник.
Поэтому Иван Петрович улетит на Кипр в первый день и вернётся в 14-й день, продолжительность пребывания на Кипре составит две недели.
</p></td>
</tr>


<tr>
<td><p style="margin: 5px;">17<br/>3</p></td>
<td><p style="margin: 5px;">1</p></td>
<td><p style="margin: 5px;">Отпуск начинается в среду. Ближайший понедельник будет 6-м днём отпуска.
Ивану Петровичу придётся вернуться в воскресенье, которое будет 12-м днём отпуска.
Следующее воскресенье будет 19-м днём отпуска, а продолжительность отпуска только 17 дней. Поэтому на Кипре Иван Петрович проведёт всего лишь одну неделю.
</p></td>
</tr>

</tbody>
</table>

    </description>
  </statement>
</problem>

